trip_id,date,date_time,day,driver,car_type,city,price,price_round,start_time,start_address,end_time,end_address,distance in km,duration in minutes
a99a8196-4240-412c-9c8a-681bbb89ad70,02/15/18,"Thursday, February 15, 2018 12:18 AM",Thursday,Vijay,uberGO,Bangalore,320.5,320.5,12:18 AM,"203, 2nd Floor, The Collection, UB City, 24 Vittal Mallya Road, KG Halli, D' Souza Layout, Ashok Nagar, Bengaluru, Karnataka 560001, India",12:53 AM,"Watch Factory Road, Platinum City, Industrial Area,Stage 1, Peenya, Bengaluru, Karnataka 560022, India",18,35
33539533-1f5b-45be-9ac6-76f7056bddf8,02/14/18,"Wednesday, February 14, 2018 6:27 PM",Wednesday,Santhosh,uberGO,Bangalore,215.84,215.8,6:27 PM,"Platinum City, Watch Factory Rd, Platinum City, Industrial Area,Stage 1, Peenya, Bengaluru, Karnataka 560022, India",7:24 PM,"203, 2nd Floor, The Collection, UB City, 24 Vittal Mallya Road, KG Halli, D' Souza Layout, Ashok Nagar, Bengaluru, Karnataka 560001, India",12.3,57
9aa0d730-ab88-4302-8750-c51742fc78ab,02/09/18,"Friday, February 9, 2018 6:31 PM",Friday,Santhoshnaik,uberGO,Bangalore,153.65,153.7,6:31 PM,"2266/17 & 18, Service Road, G Block, Sahakara Nagar, International Airport Road, Hebbal, G Block, Sahakar Nagar, Byatarayanapura, Bengaluru, Karnataka 560092, India",7:34 PM,"Watch Factory Road, Platinum City, Industrial Area,Stage 1, Peenya, Bengaluru, Karnataka 560022, India",11.5,63
91bd233b-c3cc-4cbd-b64e-c735f3d31a5b,02/09/18,"Friday, February 9, 2018 4:55 PM",Friday,Harish,uberGO,Bangalore,167.31,167.3,4:55 PM,"Platinum City, Watch Factory Rd, Platinum City, Industrial Area,Stage 1, Peenya, Bengaluru, Karnataka 560022, India",5:26 PM,"2266/17 & 18, Service Road, G Block, Sahakara Nagar, International Airport Road, Hebbal, G Block, Sahakar Nagar, Byatarayanapura, Bengaluru, Karnataka 560092, India",9.1,31
b5d59e92-a6fe-429a-a3ca-53c04cd459e4,02/03/18,"Saturday, February 3, 2018 3:28 PM",Saturday,DEVISINH,uberGO,Ahmedabad,169.15,169.2,3:28 PM,"Gandhinagar - Kudasan Road, Urjanagar 1, Gandhinagar, Gujarat 382421, India",4:03 PM,"Hansol, Ahmedabad, Gujarat 380003, India",18,35
1922ccca-d0e7-4bbf-80ef-86b56a34482a,01/16/18,"Tuesday, January 16, 2018 9:51 PM",Tuesday,Suresh,uberGO,Bangalore,169.91,169.9,9:51 PM,"24, New A1:K116 Rd, Jaladarsini Layout, Mathikere, Bengaluru, Karnataka 560094, India",10:36 PM,"Watch Factory Road, Platinum City, Industrial Area,Stage 1, Peenya, Bengaluru, Karnataka 560022, India",6.3,45
75a56cc6-a392-4aff-bca9-2c61f9e6ea8f,01/16/18,"Tuesday, January 16, 2018 8:15 PM",Tuesday,Deelip,uberGO,Bangalore,115.72,115.7,8:15 PM,"#12 HMT Link Road,, Off Tumkur Road, Yeshwanthpur Industrial Area, Phase 1, Yeshwanthpur, Bengaluru, Karnataka 560022, India",8:34 PM,"No 22 3rd Floor new bel road iti layout, Mathikere, AG's Layout, Mathikere, Bengaluru, Karnataka 560054, India",6,19
9e0611ee-fda7-4731-b582-f73fe6a6e795,12/25/17,"Monday, December 25, 2017 10:15 PM",Monday,Ravi kumar,uberGO,Bangalore,335.47,335.5,10:15 PM,Entry/ Exit Towards Cubbon Park MG Road Metro Station,11:06 PM,"Watch Factory Road, Platinum City, Industrial Area,Stage 1, Peenya, Bengaluru, Karnataka 560022, India",17.4,51
92634d4f-e8c2-4b81-8871-57706c523584,12/24/17,"Sunday, December 24, 2017 6:27 PM",Sunday,Mahesha,uberGO,Bangalore,658.25,658.3,6:27 PM,Uber Zone Behind Cafe Coffee Day Kempegowda International Airport,7:27 PM,"Watch Factory Road, Platinum City, Industrial Area,Stage 1, Peenya, Bengaluru, Karnataka 560022, India",34.4,60
3f8bff8b-217b-49b4-b003-b94d0bb0b3a8,12/06/17,"Wednesday, December 6, 2017 8:44 PM",Wednesday,Pradeep,uberGO,Delhi NCR,110.43,110.4,8:44 PM,"Plot No M 03, Sector 18, Noida, Uttar Pradesh 201301, India",9:06 PM,"Sector 36, Noida, Uttar Pradesh 201303, India",4,22
edbee050-fa2f-4752-a3d5-5ad5a03e4d00,12/06/17,"Wednesday, December 6, 2017 6:35 PM",Wednesday,Chanchal,uberGO,Delhi NCR,108.03,108,6:35 PM,"B-145, B Block, Sector 36, Noida, Uttar Pradesh 201301, India",6:51 PM,"Plot No M 03, Sector 18, Noida, Uttar Pradesh 201301, India",5.6,16
eeee8e66-be6c-442a-81b8-6a165a9eb296,12/03/17,"Sunday, December 3, 2017 7:47 AM",Sunday,Mahendra,Airport Go,Bangalore,682.75,682.8,7:47 AM,"G Block, Platinum City, Watch Factory Rd, Platinum City, Industrial Area,Stage 1, Peenya, Bengaluru, Karnataka 560022, India",8:31 AM,"KIAL Rd, Devanahalli, Bengaluru, Karnataka 560300, India",33.5,44
0d21bf50-7722-40c2-b3e5-157cea8ba6c1,11/27/17,"Monday, November 27, 2017 12:20 PM",Monday,Manjunath,uberGO,Bangalore,55,55,12:20 PM,"#12 HMT Link Road,, Off Tumkur Road, Yeshwanthpur Industrial Area, Phase 1, Yeshwanthpur, Bengaluru, Karnataka 560022, India",12:46 PM,"No. 19, ITI Layout, RMV Extension Stage 2, AG's Layout, Mathikere, Bengaluru, Karnataka 560094, India",5.9,26
9564bcee-4c0f-4100-8363-e6a8101d2dde,11/05/17,"Sunday, November 5, 2017 9:24 PM",Sunday,Manikanta,uberGO,Bangalore,113.01,113,9:24 PM,"G Block, Watch Factory Rd, Platinum City, Industrial Area,Stage 1, Peenya, Bengaluru, Karnataka 560022, India",9:57 PM,"45/4, Tumkur Road, Above Bank Of Baroda, Near APMC Police Station, Yeshwanthpur, Bengaluru, Karnataka 560022, India",3.6,33
c9044269-6274-40a0-bf82-42d03e2c85cd,11/04/17,"Saturday, November 4, 2017 10:10 PM",Saturday,Vijay singh,uberGO,Bangalore,253.56,253.6,10:10 PM,"10, Leonard Ln, Richmond Town, Bengaluru, Karnataka 560025, India",10:59 PM,"Watch Factory Road, Platinum City, Industrial Area,Stage 1, Peenya, Bengaluru, Karnataka 560022, India",19.7,49
204c9eb2-21bb-4196-ae43-d076ed4b5281,10/29/17,"Sunday, October 29, 2017 7:46 PM",Sunday,kumar,uberGO,Bangalore,391.25,391.3,7:46 PM,"873, 5th Main Rd, 6th Block, Koramangala, Bengaluru, Karnataka 560047, India",8:39 PM,"Platinum City, Industrial Area,Stage 1, Peenya, Bengaluru, Karnataka 560022, India",23.8,53
565e5501-258b-4733-be3b-bcd84679e27f,10/27/17,"Friday, October 27, 2017 8:28 PM",Friday,Iftikhar ahmed,uberGO,Bangalore,130.83,130.8,8:28 PM,"Namaz Hall, Watch Factory Rd, Platinum City, Industrial Area,Stage 1, Yeshwanthpur, Bengaluru, Karnataka 560022, India",8:53 PM,"84, 80 Feet Rd, Jaladarsini Layout, Sanjaynagar, Bengaluru, Karnataka 560094, India",7.3,25
ac6c051a-04bc-4b58-97b6-a21c24348caa,10/20/17,"Friday, October 20, 2017 10:43 AM",Friday,Yoge gowda,uberGO,Bangalore,660.49,660.5,10:43 AM,Uber Zone Behind Cafe Coffee Day Kempegowda International Airport,11:38 AM,"Platinum City, Industrial Area,Stage 1, Peenya, Bengaluru, Karnataka 560022, India",35.3,55
f598d62b-3c03-4a3f-8a45-c966fcedd605,10/17/17,"Tuesday, October 17, 2017 1:20 PM",Tuesday,Manoj,uberGO,Delhi NCR,113.19,113.2,1:20 PM,"B-145, B Block, Sector 36, Noida, Uttar Pradesh 201301, India",1:42 PM,"Plot No â€“ M 03, Sector 18, Noida, Uttar Pradesh 201301, India",6.1,22
25f194cb-baff-465f-83df-b0bf48f0bee8,10/12/17,"Thursday, October 12, 2017 6:56 AM",Thursday,Ziyauddin,Airport Go,Bangalore,591.28,591.3,6:56 AM,"Platinum City, Industrial Area,Stage 1, Peenya, Bengaluru, Karnataka 560022, India",7:46 AM,"KIAL Rd, Devanahalli, Bengaluru, Karnataka 560300, India",33.7,50
de172292-8174-465c-94ee-60d96c1c1857,10/09/17,"Monday, October 9, 2017 5:55 PM",Monday,Bala,uberGO,Bangalore,197.72,197.7,5:55 PM,"159, 6th A Main Rd, Kauser Nagar, Dinnur, Hebbal, Bengaluru, Karnataka 560032, India",6:31 PM,"#12 HMT Link Road,, Off Tumkur Road, Yeshwanthpur Industrial Area, Phase 1, Yeshwanthpur, Bengaluru, Karnataka 560022, India",11.4,36
8d49a5f5-334c-4494-a89a-51ddbee3631b,09/10/17,"Sunday, September 10, 2017 11:29 PM",Sunday,gangadhara,uberGO,Bangalore,120.38,120.4,11:29 PM,"195, New BEL Rd, KGE Layout, Mathikere, Bengaluru, Karnataka 560054, India",11:45 PM,"Platinum City, Industrial Area,Stage 1, Peenya, Bengaluru, Karnataka 560022, India",6.9,16
6a765e53-2af5-465e-a0d5-3acf6cb44af5,09/10/17,"Sunday, September 10, 2017 9:26 PM",Sunday,Prathap,uberGO,Bangalore,122.36,122.4,9:26 PM,"Platinum City, Industrial Area,Stage 1, Peenya, Bengaluru, Karnataka 560022, India",9:49 PM,"230, New BEL Rd, AG's Layout, Mathikere, Bengaluru, Karnataka 560054, India",7.7,23
a6e7ae78-a0eb-4848-b243-06c038acfc0d,08/07/17,"Monday, August 7, 2017 7:03 PM",Monday,Mahesh,uberGO,Bangalore,654.93,654.9,7:03 PM,Uber Zone (Behind Cafe Coffee Day) Kempegowda International Airport,8:09 PM,"Platinum City, Industrial Area,Stage 1, Peenya, Bengaluru, Karnataka 560022, India",33.9,66
07989aae-14de-4223-b6ab-3024f81c05a5,08/04/17,"Friday, August 4, 2017 7:05 AM",Friday,Gajendra,Airport Go,Bangalore,642.76,642.8,7:05 AM,"Platinum City, Industrial Area,Stage 1, Peenya, Bengaluru, Karnataka 560022, India",7:55 AM,"KIAL Rd, Devanahalli, Bengaluru, Karnataka 560300, India",33.7,50
edec753b-ddaf-4b0b-8bf7-dd32f7000f94,07/29/17,"Saturday, July 29, 2017 10:56 PM",Saturday,Bhumananda,uberGO,Bangalore,372.24,372.2,10:56 PM,"16th Cross, Sharadhanagar, Eswara Layout, Phase 7, JP Nagar, Bengaluru, Karnataka 560078, India",11:56 PM,"Platinum City, Industrial Area,Stage 1, Peenya, Bengaluru, Karnataka 560022, India",20.4,60
d2a743f3-5bed-4dae-988d-77e3885c347e,07/29/17,"Saturday, July 29, 2017 6:06 PM",Saturday,Dhananjaiah,uberGO,Bangalore,420.31,420.3,6:06 PM,"Platinum City, Industrial Area,Stage 1, Peenya, Bengaluru, Karnataka 560022, India",8:27 PM,"Elita Promenade, Phase 7, JP Nagar, Bengaluru, Karnataka 560078, India",21.6,141
1090fc40-6ba3-4c74-a7c8-8a9314c05e98,07/29/17,"Saturday, July 29, 2017 2:16 PM",Saturday,Dilipkumar reddy,uberGO,Bangalore,113.15,113.2,2:16 PM,Entry / Exit Dr Rajkumar Road Orion Mall,2:38 PM,"Platinum City, Industrial Area,Stage 1, Peenya, Bengaluru, Karnataka 560022, India",5.8,22
361b1fcb-bc94-4820-aa18-28cc86add086,07/29/17,"Saturday, July 29, 2017 11:40 AM",Saturday,Manjappa,uberGO,Bangalore,85.18,85.2,11:40 AM,"Platinum City, Industrial Area,Stage 1, Peenya, Bengaluru, Karnataka 560022, India",11:55 AM,"Brigade Gateway, 26/1 Dr. Rajkumar Road, Malleshwaram West, Bengaluru, Karnataka 560055, India",4.3,15
a28380f0-524f-4010-afaa-2d4a6bba6a6c,07/23/17,"Sunday, July 23, 2017 6:07 PM",Sunday,mufees,uberGO,Bangalore,109.89,109.9,6:07 PM,Entry / Exit Dr Rajkumar Road Orion Mall,6:28 PM,"Platinum City, Industrial Area,Stage 1, Peenya, Bengaluru, Karnataka 560022, India",5.8,21
ee42478a-7b06-482b-a946-036fb93464b1,07/23/17,"Sunday, July 23, 2017 4:01 PM",Sunday,Manjunatha,uberGO,Bangalore,82.99,83,4:01 PM,"Platinum City, Industrial Area,Stage 1, Peenya, Bengaluru, Karnataka 560022, India",4:19 PM,"Brigade Gateway, 26/1 Dr. Rajkumar Road, Malleshwaram West, Bengaluru, Karnataka 560055, India",4.3,19
73215f7f-e631-4852-8396-13ee1590c01e,07/08/17,"Saturday, July 8, 2017 10:44 AM",Saturday,Jaya,uberGO,Bangalore,632.55,632.6,10:44 AM,Uber Zone (Behind Cafe Coffee Day) Kempegowda International Airport,11:53 AM,"Platinum City, Industrial Area,Stage 1, Peenya, Bengaluru, Karnataka 560022, India",35.3,69
d2a6f96a-a4fe-48dc-84ab-b30654c67e48,05/24/17,"Wednesday, May 24, 2017 1:05 PM",Wednesday,Vikas,uberGO,Delhi NCR,246.01,246,1:05 PM,"Nift Campus, Main Road, Hauz Khas, Hauz Khas, New Delhi, Delhi 110016, India",1:49 PM,"131, Ground Floor, Patparganj Industrial Area, New Delhi, Patparganj Industrial Area, Patparganj, New Delhi, Delhi 110092, India",20.5,44
a2fb5f96-f10e-4c0a-8b3e-2875e581bc8c,04/08/17,"Saturday, April 8, 2017 12:21 AM",Saturday,Niranjan,uberGO,Delhi NCR,690.58,690.6,12:21 AM,"Terminal 1, Arrivals Car Pickup Zone Indira Gandhi International Airport",1:19 AM,"Sector 36, Noida, Uttar Pradesh 201303, India",27.7,59
26d756f4-c2d8-43ba-b000-359867f0c8e3,04/07/17,"Friday, April 7, 2017 6:23 PM",Friday,Srinivas,uberGO,Bangalore,560.07,560.1,6:23 PM,"Vidyaranyapura Rd, Bengaluru, Karnataka 560013, India",7:08 PM,"Devanahalli, Bengaluru, Karnataka 560300, India",29,45
637e408d-6c23-4177-b1f2-9adfe35ac053,04/06/17,"Thursday, April 6, 2017 3:42 PM",Thursday,Nagraju,uberGO,Bangalore,317.32,317.3,3:42 PM,Forum Mall Koramangala Side Forum Mall,4:45 PM,"Vidyaranyapura Rd, Bengaluru, Karnataka 560013, India",18.8,63
be30511c-9200-4e2a-bb9b-9a1cdf196b86,04/06/17,"Thursday, April 6, 2017 12:01 PM",Thursday,Guru,uberGO,Bangalore,275.22,275.2,12:01 PM,"Vidyaranyapura Rd, Bengaluru, Karnataka 560013, India",1:11 PM,"No. 21, Hosur Road, Koramangala, Bengaluru, Karnataka 560095, India",17.2,70
3b2ad301-f403-49e5-81db-f206be8968a6,04/05/17,"Wednesday, April 5, 2017 6:42 PM",Wednesday,Jagadish,uberGO,Bangalore,207.36,207.4,6:42 PM,"Vidyaranyapura Rd, Bengaluru, Karnataka 560013, India",7:30 PM,"#50, MG Road, FM Cariappa Colony, Sivanchetti Gardens, Bengaluru, Karnataka 560001, India",12.2,49
b5cbe097-3d54-4561-a023-259d0a2806a5,04/04/17,"Tuesday, April 4, 2017 6:01 PM",Tuesday,AFSAR,uberGO,Bangalore,76.45,76.5,6:01 PM,"Watch Factory Rd, Yeshwanthpur Industrial Area, Phase 1, Yeshwanthpur, Bengaluru, Karnataka 560022, India",6:27 PM,"Vidyaranyapura Rd, Bengaluru, Karnataka 560013, India",13.5,26
c5886978-a44c-45a3-85a0-fdf8c99186f0,04/04/17,"Tuesday, April 4, 2017 8:04 AM",Tuesday,Madivalappa,uberGO,Bangalore,86.94,86.9,8:04 AM,"Vidyaranyapura Rd, Bengaluru, Karnataka 560013, India",8:21 AM,"#12 HMT Link Road,, Off Tumkur Road, Yeshwanthpur Industrial Area, Phase 1, Yeshwanthpur, Bengaluru, Karnataka 560022, India",4.5,17
81bb1998-db01-4b77-b2c0-49595dd69530,04/03/17,"Monday, April 3, 2017 7:29 PM",Monday,Hanumantha,uberGO,Bangalore,524.81,524.8,7:29 PM,Uber Zone (Behind Coffee Day) Bangalore International Airport,8:35 PM,"Vidyaranyapura Rd, Bengaluru, Karnataka 560013, India",31.7,66
ad1eb03d-d926-4e04-9d7c-29a99e6e30c3,04/01/17,"Saturday, April 1, 2017 5:31 PM",Saturday,Sunil,uberGO,Delhi NCR,305.89,305.9,5:31 PM,"Lajpat Nagar Metro Station, Lala Lajpat Rai Rd, Lajpat Nagar, New Delhi, Delhi 110024, India",6:22 PM,"Sector 36, Noida, Uttar Pradesh 201303, India",15.3,51
0919def0-6024-4525-b341-98f43fe3f831,03/15/17,"Wednesday, March 15, 2017 9:39 AM",Wednesday,Rakesh,uberGO,Delhi NCR,381.28,381.3,9:39 AM,"B-116, B Block, Sector 36, Noida, Uttar Pradesh 201301, India",10:34 AM,"Hauz Khas Village, Deer Park, Hauz Khas, New Delhi, Delhi 110016, India",20.5,55
51d61cf6-186c-4fa3-8986-ffd31017a26e,02/04/17,"Saturday, February 4, 2017 10:41 AM",Saturday,Mahender,uberGO,Delhi NCR,291.97,292,10:41 AM,"C-445, Bipin Chandra Pal Marg, Block C, Chittaranjan, New Delhi, Delhi 110019, India",11:26 AM,"Sector 36, Noida, Uttar Pradesh 201303, India",20.1,45
6512fb87-6d17-4390-8abe-2e0391b98248,02/03/17,"Friday, February 3, 2017 6:43 PM",Friday,Vijay,uberGO,Delhi NCR,163.04,163,6:43 PM,"354, Hauz Khas Tank, Hauz Khas Village, Deer Park, Hauz Khas, New Delhi, Delhi 110016, India",7:18 PM,"M-34, Chittaranjan Park, Block C, Chittaranjan, New Delhi, Delhi 110019, India",7.6,35
af988e91-87d4-4b1b-a64d-56256a2a89f5,01/27/17,"Friday, January 27, 2017 8:19 AM",Friday,Ankush,uberGO,Delhi NCR,359.08,359.1,8:19 AM,"B-145, B Block, Sector 36, Noida, Uttar Pradesh 201301, India",9:01 AM,"Hauz Khas Village, Deer Park, Hauz Khas, New Delhi, Delhi 110016, India",20.4,42
e48c66f4-e226-4093-8606-bb1cda5063c5,01/23/17,"Monday, January 23, 2017 4:02 PM",Monday,Ashish,uberGO,Delhi NCR,309.18,309.2,4:02 PM,"Z/5, Hauz Khas Rd, Block Z, Hauz Khas, New Delhi, Delhi 110016, India",4:48 PM,"Sector 36, Noida, Uttar Pradesh 201303, India",20.9,46
130a90c0-eaaa-462a-b72b-aeebb918114c,01/22/17,"Sunday, January 22, 2017 1:46 PM",Sunday,Krishan,uberGO,Delhi NCR,255.73,255.7,1:46 PM,"Srinagar - Kanyakumari Hwy, Block B, Mohan Cooperative Industrial Estate, Saidabad, New Delhi, Delhi 110044, India",2:23 PM,"Sector 36, Noida, Uttar Pradesh 201303, India",9.8,37
94fca774-5980-442a-87fa-987520787670,01/09/17,"Monday, January 9, 2017 9:32 AM",Monday,Praveen,uberGO,Delhi NCR,421,421,9:32 AM,"B-145, B Block, Sector 36, Noida, Uttar Pradesh 201301, India",10:40 AM,"Hauz Khas Village, Deer Park, Hauz Khas, New Delhi, Delhi 110016, India",20.4,68
3769a365-2cbe-471f-801f-e845c796a2c7,12/20/16,"Tuesday, December 20, 2016 7:04 PM",Tuesday,Hemant,uberGO,Delhi NCR,314.55,314.6,7:04 PM,"Z/5, Hauz Khas Rd, Block Z, Hauz Khas, New Delhi, Delhi 110016, India",7:51 PM,"Sector 36, Noida, Uttar Pradesh 201303, India",21.1,47
d4be44a2-b268-4f7a-b374-5e9b3a2ea9bc,12/17/16,"Saturday, December 17, 2016 10:25 AM",Saturday,Samiruddin,uberGO,Delhi NCR,295.27,295.3,10:25 AM,"DDA SFS FLATS, Squadron Leader Mohinder Kumar Jain Marg, Gulmohar Enclave, Gulmohar Park, New Delhi, Delhi 110049, India",10:59 AM,"Sector 36, Noida, Uttar Pradesh 201303, India",18.4,34
e8cd3773-6d5a-42a5-8dee-fb8cd7da9e27,12/09/16,"Friday, December 9, 2016 11:00 AM",Friday,Dharmender,uberGO,Delhi NCR,284.25,284.3,11:00 AM,"B-144, B Block, Sector 36, Noida, Uttar Pradesh 201301, India",11:43 AM,"G-8, South Extention Part -1, Block J, Lajpat Nagar II, Lajpat Nagar, New Delhi, Delhi 110049, India",17.1,43
0bbeef36-d362-443d-8a5b-559e8d2b7a28,11/19/16,"Saturday, November 19, 2016 5:07 PM",Saturday,Johny,uberGO,Delhi NCR,311.46,311.5,5:07 PM,"Z/5, Hauz Khas Rd, Block Z, Hauz Khas, New Delhi, Delhi 110016, India",5:51 PM,"Sector 36, Noida, Uttar Pradesh 201303, India",21.1,44
9f0a7e15-2e07-4423-9020-6002d1722a25,11/17/16,"Thursday, November 17, 2016 8:07 AM",Thursday,Ashok,uberGO,Delhi NCR,310.76,310.8,8:07 AM,"B-146, B Block, Sector 36, Noida, Uttar Pradesh 201301, India",8:40 AM,"Nift Campus, Main Road, Hauz Khas, Hauz Khas, New Delhi, Delhi 110016, India",18.4,33
a8d2e2e8-c029-425c-a08e-cf623c29fcc4,11/03/16,"Thursday, November 3, 2016 3:05 PM",Thursday,suresh,uberGO,Delhi NCR,69.57,69.6,3:05 PM,"B-145, B Block, Sector 36, Noida, Uttar Pradesh 201301, India",3:23 PM,"Sector 29, Noida, Uttar Pradesh 201301, India",3.9,19
38ace6e7-f628-4d7a-b2a9-ef195debb568,10/27/16,"Thursday, October 27, 2016 1:46 PM",Thursday,Navib,uberGO,Delhi NCR,329.47,329.5,1:46 PM,"Z/5, Hauz Khas Rd, Block Z, Hauz Khas, New Delhi, Delhi 110016, India",2:36 PM,"B-116, B Block, Sector 36, Noida, Uttar Pradesh 201301, India",18.5,50
ed6fe2e3-8458-4f92-ad29-b18763e5c453,10/27/16,"Thursday, October 27, 2016 8:16 AM",Thursday,Afsar,uberGO,Delhi NCR,334.45,334.5,8:16 AM,"Sharma Sadan, Block B, B Block, Sector 36, Noida, Uttar Pradesh 201301, India",9:02 AM,"Nift Campus, Main Road, Hauz Khas, Hauz Khas, New Delhi, Delhi 110016, India",18.9,46
e291452d-6d5b-4b78-8062-a97f93a55f49,10/23/16,"Sunday, October 23, 2016 4:28 PM",Sunday,Yogesh,uberGO,Delhi NCR,72.13,72.1,4:28 PM,"Club Dr, DLF Phase 5, Sector 53, Gurgaon, Haryana 122003, India",4:38 PM,"Delhi, India",3.9,10
545ad6e7-2223-4fe7-a67b-759f41e9896f,10/23/16,"Sunday, October 23, 2016 8:04 AM",Sunday,Manish,uberGO,Delhi NCR,202.33,202.3,8:04 AM,"2, Balbir Saxena Marg, Hauz Khas, New Delhi, Delhi 110016, India",8:40 AM,"St Thomas Marg, Block C, Sushant Lok Phase I, Sector 43, Gurgaon, Haryana 122009, India",22.4,36
b9ad2ff0-5470-41a7-bfec-f7911af1fcb9,10/14/16,"Friday, October 14, 2016 8:21 AM",Friday,Manan,uberGO,Delhi NCR,327.46,327.5,8:21 AM,"B-116, B Block, Sector 36, Noida, Uttar Pradesh 201301, India",9:10 AM,"Nift Campus, Main Road, Hauz Khas, Hauz Khas, New Delhi, Delhi 110016, India",18,49
e3886b97-da91-48b2-bc63-852b48d6be5c,09/21/16,"Wednesday, September 21, 2016 10:46 AM",Wednesday,Sarnam,uberGO,Delhi NCR,302.93,302.9,10:46 AM,"B-146, B Block, Sector 36, Noida, Uttar Pradesh 201301, India",11:30 AM,"5A, Ring Road, Lajpat Nagar, Near Moolchand Metro Station, Vikram Vihar, Lajpat Nagar IV, Lajpat Nagar 4, New Delhi, Delhi 110024, India",14.9,44
5272c4da-4a29-4e8c-974f-6c96946a0141,09/16/16,"Friday, September 16, 2016 11:47 AM",Friday,Vikram,uberGO,Delhi NCR,329.8,329.8,11:47 AM,"B-145, B Block, Sector 36, Noida, Uttar Pradesh 201301, India",12:27 PM,"Nift Campus, Main Road, Hauz Khas, Hauz Khas, New Delhi, Delhi 110016, India",17.8,40
32e48edf-8fa8-4a52-92e7-942c43fd63e3,09/14/16,"Wednesday, September 14, 2016 3:05 PM",Wednesday,piyush,uberGO,Delhi NCR,455.73,455.7,3:05 PM,"B-145, B Block, Sector 36, Noida, Uttar Pradesh 201301, India",4:25 PM,"Safdarjung Enclave, New Delhi, Delhi",19.9,80
9013ccb4-45a7-4351-96b6-7d806cbf983e,08/10/16,"Wednesday, August 10, 2016 7:59 AM",Wednesday,Sanjeeb,uberGO,Delhi NCR,328.29,328.3,7:59 AM,"B-145, B Block, Sector 36, Noida, Uttar Pradesh 201301, India",8:38 AM,"Nift Campus, Main Road, Hauz Khas, Hauz Khas, New Delhi, Delhi 110016, India",17.8,39
df70e4a7-2593-47c5-b34d-1f3f92d714af,07/18/16,"Monday, July 18, 2016 9:37 AM",Monday,Jatin,uberGO,Delhi NCR,254.16,254.2,9:37 AM,"B-146, B Block, Sector 36, Noida, Uttar Pradesh 201301, India",9:58 AM,"No. 24A, Film City, Sector 16A, Noida, Uttar Pradesh 201301, India",13.6,21
de8896f8-5ef5-443d-8e88-66348d487271,07/15/16,"Friday, July 15, 2016 9:15 AM",Friday,Irshad,uberGO,Delhi NCR,110,110,9:15 AM,"B-146, B Block, Sector 36, Noida, Uttar Pradesh 201301, India",9:34 AM,"No. 24A, Film City, Sector 16A, Noida, Uttar Pradesh 201301, India",13.6,19
1e4e4518-d060-4fc8-a1a1-c20865f71c10,07/13/16,"Wednesday, July 13, 2016 6:04 PM",Wednesday,Munmun,uberGO,Delhi NCR,99.38,99.4,6:04 PM,"No. 24A, Film City, Sector 16A, Noida, Uttar Pradesh 201301, India",6:27 PM,"Sector 36, Noida, Uttar Pradesh 201303, India",5.8,23
fd8492b9-b265-401f-acfc-32b7445a5606,07/11/16,"Monday, July 11, 2016 5:43 PM",Monday,Vikram Singh,uberGO,Delhi NCR,79.36,79.4,5:43 PM,"BAG Flims Limited, Film City, Sector 16A, Noida, Uttar Pradesh 201301, India",6:10 PM,"B-116, B Block, Sector 36, Noida, Uttar Pradesh 201301, India",5.1,27
b2df8a71-ea44-4946-9b35-5c3fb26d027c,07/04/16,"Monday, July 4, 2016 4:28 PM",Monday,Sharad,uberGO,Delhi NCR,84.08,84.1,4:28 PM,"BAG Flims Limited, Film City, Sector 16A, Noida, Uttar Pradesh 201301, India",4:42 PM,"Sector 36, Noida, Uttar Pradesh 201303, India",5.1,14
78ac0cda-e44c-4658-9a22-c13a6fd8cb65,07/04/16,"Monday, July 4, 2016 9:04 AM",Monday,Arvind,uberGO,Delhi NCR,130.59,130.6,9:04 AM,"B-146, B Block, Sector 36, Noida, Uttar Pradesh 201301, India",9:31 AM,"No. 24A, Film City, Sector 16A, Noida, Uttar Pradesh 201301, India",5.8,27
b4e21df0-60fe-4b59-a7f1-e4fb7d289777,07/01/16,"Friday, July 1, 2016 8:59 AM",Friday,Sameer,uberGO,Delhi NCR,113.39,113.4,8:59 AM,"B-145, B Block, Sector 36, Noida, Uttar Pradesh 201301, India",9:19 AM,"No. 24A, Film City, Sector 16A, Noida, Uttar Pradesh 201301, India",5.8,20
82e393e0-5aa2-4b3f-a693-c1a92b967923,06/30/16,"Thursday, June 30, 2016 5:59 PM",Thursday,Taranjeet,uberGO,Delhi NCR,87.89,87.9,5:59 PM,"BAG Flims Limited, Film City, Sector 16A, Noida, Uttar Pradesh 201301, India",6:15 PM,"B-116, B Block, Sector 36, Noida, Uttar Pradesh 201301, India",5.1,16
c2c7588d-e015-421a-9b21-2a95aa6a41dc,06/28/16,"Tuesday, June 28, 2016 8:17 AM",Tuesday,Kapil,uberGO,Delhi NCR,84.96,85,8:17 AM,"B-144, B Block, Sector 36, Noida, Uttar Pradesh 201301, India",8:35 AM,"No. 24A, Film City, Sector 16A, Noida, Uttar Pradesh 201301, India",5.8,19
b8664917-05ba-43ae-b31e-5268a673f93b,06/27/16,"Monday, June 27, 2016 5:30 PM",Monday,Shane,uberGO,Delhi NCR,86.41,86.4,5:30 PM,"BAG Flims Limited, Film City, Sector 16A, Noida, Uttar Pradesh 201301, India",5:47 PM,"Sector 36, Noida, Uttar Pradesh 201303, India",5.8,17
fcf11e39-ff07-4b43-bd5b-1ece963b3c41,06/24/16,"Friday, June 24, 2016 9:06 AM",Friday,Praveen Kumar,uberGO,Delhi NCR,85.99,86,9:06 AM,"B-145, B Block, Sector 36, Noida, Uttar Pradesh 201301, India",9:24 AM,"No. 24A, Film City, Sector 16A, Noida, Uttar Pradesh 201301, India",5.8,19
a4a25397-55ff-42c2-a75d-2165470f6727,06/23/16,"Thursday, June 23, 2016 5:42 PM",Thursday,Nagender,uberGO,Delhi NCR,95.45,95.5,5:42 PM,"No. 24A, Film City, Sector 16A, Noida, Uttar Pradesh 201301, India",6:01 PM,"Sector 36, Noida, Uttar Pradesh 201303, India",5.1,19
8f5be999-c080-4611-9a4a-de81cb018604,06/22/16,"Wednesday, June 22, 2016 8:58 AM",Wednesday,Shambhu,uberGO,Delhi NCR,86.67,86.7,8:58 AM,"B-116, B Block, Sector 36, Noida, Uttar Pradesh 201301, India",9:15 AM,"No. 24A, Film City, Sector 16A, Noida, Uttar Pradesh 201301, India",5.8,17
cf392c29-43af-48d9-9773-a4ab4c07f1b2,06/08/16,"Wednesday, June 8, 2016 12:57 PM",Wednesday,Surender,uberGO,Delhi NCR,88.58,88.6,12:57 PM,"No. 24A, Film City, Sector 16A, Noida, Uttar Pradesh 201301, India",1:14 PM,"Sector 36, Noida, Uttar Pradesh 201303, India",5.1,17